<?xml version="1.0" encoding="utf-8"?>
<appengine-web-app xmlns="http://appengine.google.com/ns/1.0">

  <threadsafe>false</threadsafe>
  <sessions-enabled>true</sessions-enabled>
  <runtime>java8</runtime>

   <static-files>
    <include path="/**.html" >
    </include>
    <include path="/**.js" >
    </include>
    <include path="/**.css" ></include>
    <include path="/**.svg" ></include>
    <include path="/**.jpg" ></include>
    <include path="/**.png" ></include>
    <include path="/**.ico" ></include>
    <include path="/**.eot" ></include>
    <include path="/**.ttf" ></include>
    <include path="/**.woff"></include>
    <include path="/**.woff2"></include>
    
  </static-files>
  <system-properties>
    <property name="java.util.logging.config.file" value="WEB-INF/logging.properties"/>
  </system-properties>
<!-- [START env_variables] -->
    <env-variables>
<!--         <env-var name="ENDPOINTS_SERVICE_NAME" value="${endpoints.project.id}.appspot.com" /> -->
        <env-var name="ENDPOINTS_SERVICE_NAME" value="sobike44.appspot.com" />

    </env-variables>
    <!-- [END env_variables] -->
</appengine-web-app>
